domain,visits
tools.usps.com,174341540
forecast.weather.gov,57300235
medlineplus.gov,40086035
usps.com,38184999
irs.gov,22248424
usajobs.gov,19763583
cdc.gov,19610297
weather.gov,19575093
ssa.gov,12956672
reg.usps.com,12752780
uscis.gov,10462297
login.usajobs.gov,10339815
travel.state.gov,9453838
nps.gov,9055589
cns.usps.com,7169222
nasa.gov,7167022
ceac.state.gov,5979608
earthquake.usgs.gov,5838790
wrh.noaa.gov,5775716
store.usps.com,5286522
fda.gov,5006354
egov.uscis.gov,4821531
whitehouse.gov,4647709
opm.gov,4572900
bls.gov,3671522
cancer.gov,3388420
epa.gov,3334147
myhealth.va.gov,3301142
search.usa.gov,3260804
archives.gov,3246869
tsa.gov,3217532
search.irs.gov,2989437
mobile.weather.gov,2965968
studentaid.ed.gov,2905093
justice.gov,2795080
va.gov,2789212
osha.gov,2741540
postcalc.usps.com,2694601
studentloans.gov,2551583
census.gov,2476040
my.usps.com,2465039
ebenefits.va.gov,2439369
dol.gov,2431301
cbp.gov,2311753
usa.gov,2300752
faa.gov,2281683
drugabuse.gov,2074857
state.gov,1950175
apps.irs.gov,1925972
benefits.va.gov,1866565
ftc.gov,1820359
ghr.nlm.nih.gov,1810091
niddk.nih.gov,1774153
holdmail.usps.com,1713279
nhlbi.nih.gov,1694210
consumer.ftc.gov,1612800
sba.gov,1611333
energy.gov,1580529
apod.nasa.gov,1573195
portal.hud.gov,1570261
sam.gov,1557793
2016.export.gov,1551192
gsa.gov,1456581
treasury.gov,1443379
nces.ed.gov,1408908
eauth.va.gov,1331165
bop.gov,1315030
pptform.state.gov,1300361
petitions.whitehouse.gov,1207216
dhs.gov,1186680
vsearch.nlm.nih.gov,1177879
energystar.gov,1172012
fbo.gov,1141942
eric.ed.gov,1140475
redelivery.usps.com,1125073
consumerfinance.gov,1118472
applicationmanager.gov,1106737
goes.noaa.gov,1083268
tricare.mil,1051730
nimh.nih.gov,1031928
defense.gov,1023127
womenshealth.gov,1006991
waterdata.usgs.gov,997457
privacyshield.gov,989389
search.uscis.gov,989389
nih.gov,985722
hhs.gov,938050
www2.ed.gov,937316
water.weather.gov,935849
treasurydirect.gov,934382
usda.gov,926315
foodsafety.gov,896244
data.bls.gov,877175
donotcall.gov,856639
uscourts.gov,855173
benefits.gov,849305
catalog.usmint.gov,839771
my.usajobs.gov,839771
search.cdc.gov,833170
fns.usda.gov,809700
navy.mil,802366
my.uscis.gov,795765
spotthestation.nasa.gov,786964
choosemyplate.gov,781830
emailus.usps.com,780363
uspto.gov,779630
spc.noaa.gov,777430
find.irs.gov,775963
therealcost.betobaccofree.hhs.gov,773029
time.gov,725357
history.state.gov,723890
e-verify.uscis.gov,710688
fsis.usda.gov,709221
aids.gov,704087
dailymed.nlm.nih.gov,701154
nsopw.gov,684285
poboxes.usps.com,668883
accessdata.fda.gov,654214
fmcsa.dot.gov,636612
oceanservice.noaa.gov,630011
www3.epa.gov,628545
nsf.gov,610209
sm.myhealth.va.gov,594074
fs.usda.gov,592607
gsaauctions.gov,584539
mars.nasa.gov,584539
jpl.nasa.gov,575738
water.usgs.gov,575738
earthobservatory.nasa.gov,571337
vets.gov,564737
solarsystem.nasa.gov,562536
ircalc.usps.com,561803
usaid.gov,550802
climate.nasa.gov,535400
smclinician.myhealth.va.gov,533199
nrcs.usda.gov,501662
mx.usembassy.gov,492861
grc.nasa.gov,487727
ice.gov,487727
marine.weather.gov,487727
nist.gov,475992
safercar.gov,469392
ihs.gov,467925
peacecorps.gov,463524
transportation.gov,460590
airnow.gov,459857
dvlottery.state.gov,454723
fws.gov,445922
uscg.mil,445922
gsaadvantage.gov,441521
ods.od.nih.gov,438588
ed.gov,437121
nlm.nih.gov,429053
stopbullying.gov,427586
ncdc.noaa.gov,412184
health.mil,407784
dea.gov,398983
npin.cdc.gov,388715
ptsd.va.gov,384314
pe.usps.com,376980
retail-pi.usps.com,374780
itl.nist.gov,373313
rd.usda.gov,364512
cpol.army.mil,340309
es.usps.com,332975
espanol.cdc.gov,326374
tidesandcurrents.noaa.gov,326374
jfklibrary.org,325640
passportstatus.state.gov,324907
vaccines.gov,319773
ada.gov,319040
cem.va.gov,313172
ahrq.gov,310972
aphis.usda.gov,310972
usembassy.gov,310238
index.va.gov,303638
usbr.gov,301437
atf.gov,299971
nrc.gov,291903
doi.gov,286035
li-public.fmcsa.dot.gov,286035
science.nasa.gov,285302
careers.state.gov,284569
grants.nih.gov,284569
search.osha.gov,284569
regulations.gov,280168
portal.fmcsa.dot.gov,279435
nasasearch.nasa.gov,275768
webbook.nist.gov,275034
blogs.va.gov,266233
tsdr.uspto.gov,266233
ncjrs.gov,264766
oceanexplorer.noaa.gov,264766
pubs.usgs.gov,262566
us-cert.gov,262566
fhwa.dot.gov,261099
complaints.donotcall.gov,259632
vacareers.va.gov,258899
gab.usps.com,258165
kids.usa.gov,250831
disasterassistance.gov,247164
nccih.nih.gov,246431
search.uspto.gov,236896
gobierno.usa.gov,232495
cnrfc.noaa.gov,231762
ers.usda.gov,231029
ourdocuments.gov,229562
acf.hhs.gov,225161
aspe.hhs.gov,221494
freshempire.betobaccofree.hhs.gov,220027
www-odi.nhtsa.dot.gov,214160
missingmail.usps.com,211960
tsunami.gov,211960
uk.usembassy.gov,211960
healthfinder.gov,210493
niaid.nih.gov,209759
greatagain.gov,207559
iris.custhelp.com,203892
ai.fmcsa.dot.gov,203159
oig.hhs.gov,200958
healthit.gov,200225
pe.usps.gov,200225
bjs.gov,198758
eclkc.ohs.acf.hhs.gov,198025
nhtsa.gov,197291
in.usembassy.gov,196558
bea.gov,194357
spaceplace.nasa.gov,192891
health.gov,192157
nia.nih.gov,192157
search.usembassy.gov,191424
fiscal.treasury.gov,189957
locator.ice.gov,188490
de.usembassy.gov,187757
nepis.epa.gov,187757
nicsezcheckfbi.gov,187757
eddm.usps.com,186290
climate.gov,182623
ebuy.gsa.gov,182623
ar.usembassy.gov,181889
healthypeople.gov,181156
blog.ed.gov,179689
ndb.nal.usda.gov,177489
hrsa.gov,176755
nccd.cdc.gov,173822
search.archives.gov,173088
nij.gov,171621
prdfaq-f2.usps.com,171621
girlshealth.gov,170154
militarypay.defense.gov,170154
usitc.gov,170154
publichealth.va.gov,169421
fees.uspto.gov,168688
step.state.gov,165754
br.usembassy.gov,163554
osac.gov,161353
nws.noaa.gov,158420
idcfars.bls.gov,156953
saturn.jpl.nasa.gov,155486
ssd.noaa.gov,154753
www2.usgs.gov,153286
ftccomplaintassistant.gov,152552
nifa.usda.gov,151819
smokefree.gov,151085
ic3.gov,148885
evisaforms.state.gov,146685
forecast-v3.weather.gov,145951
starchild.gsfc.nasa.gov,145951
teas.uspto.gov,145951
disa.mil,145218
ope.ed.gov,143751
retireefehb.opm.gov,143751
faq.usps.com,141551
nlrb.gov,141551
es-tools.usps.com,140817
usastaffing.opm.gov,138617
aoprals.state.gov,137884
fec.gov,137884
search.af.mil,136417
identitytheft.gov,135683
cfpub.epa.gov,133483
export.gov,133483
ngdc.noaa.gov,132016
onboarding.usastaffing.gov,132016
nmfs.noaa.gov,131283
fpds.gov,130550
nodc.noaa.gov,129816
disability.gov,127616
m.earthobservatory.nasa.gov,127616
web.nvd.nist.gov,127616
tr.usembassy.gov,125416
physics.nist.gov,124682
secsearch.sec.gov,124682
npdb.hrsa.gov,121748
catalog.archives.gov,121015
gps.gov,121015
history.nasa.gov,120282
aawu.arh.noaa.gov,119548
intern.nasa.gov,119548
nass.usda.gov,118815
nal.usda.gov,118081
hvo.wr.usgs.gov,117348
imagine.gsfc.nasa.gov,116614
nihseniorhealth.gov,116614
eol.jsc.nasa.gov,115148
trumanlibrary.org,114414
doleta.gov,113681
gsaelibrary.gsa.gov,113681
caweb.sba.gov,112947
occ.gov,111480
webapps.dol.gov,111480
findahealthcenter.hrsa.gov,110747
consumidor.ftc.gov,110014
secure.rrb.gov,110014
commerce.gov,109280
invasivespeciesinfo.gov,109280
j1visa.state.gov,109280
fr.usembassy.gov,107813
ph.usembassy.gov,107080
exchanges.state.gov,106347
iqrs.npdb.hrsa.gov,106347
niehs.nih.gov,106347
explore.va.gov,105613
search.whitehouse.gov,105613
usability.gov,105613
esrl.noaa.gov,104880
ntrs.nasa.gov,104880
salud.nih.gov,104880
aidsinfo.nih.gov,102679
transit.dot.gov,102679
atsdr.cdc.gov,101213
nationalmap.gov,100479
pbgc.gov,99012
jobcorps.gov,98279
myra.gov,98279
usdasearch.usda.gov,97545
auth.cdc.gov,96812
hiv.va.gov,96812
search.justice.gov,96079
climatekids.nasa.gov,94612
pk.usembassy.gov,94612
jp.usembassy.gov,93145
cu.usembassy.gov,92411
selectionmanager.usastaffing.gov,92411
wwwn.cdc.gov,91678
kids.niehs.nih.gov,90945
voyager.jpl.nasa.gov,90945
fas.usda.gov,90211
floodsmart.gov,90211
jobview.doors.dol.gov,89478
access-board.gov,88011
arlweb.msha.gov,88011
itis.gov,88011
ssai.usajobs.gov,88011
glerl.noaa.gov,87277
saferproducts.gov,87277
founders.archives.gov,86544
ttb.gov,86544
vacanteen.va.gov,86544
gravelocator.cem.va.gov,85811
nature.nps.gov,85811
phmsa.dot.gov,85811
ca.usembassy.gov,85077
collegescorecard.ed.gov,84344
glovis.usgs.gov,84344
ferc.gov,83610
response.restoration.noaa.gov,83610
atlanta.va.gov,82877
hq.nasa.gov,82144
acquisition.gov,81410
fletc.gov,80677
mentalhealth.gov,80677
th.usembassy.gov,79943
findit.state.gov,79210
ies.ed.gov,79210
cpms.osd.mil,78476
ifap.ed.gov,77743
cameochemicals.noaa.gov,76276
nasajobs.nasa.gov,76276
amberalert.gov,74809
co.water.usgs.gov,74809
help.consumerfinance.gov,74809
nutrition.gov,74809
photojournal.jpl.nasa.gov,74809
pubs.er.usgs.gov,74809
vn.usembassy.gov,74076
cpars.cpars.gov,73342
optn.transplant.hrsa.gov,73342
aloha.gsa.gov,71876
ngs.noaa.gov,71876
nauticalcharts.noaa.gov,71142
rita.dot.gov,71142
valu.va.gov,71142
exoplanets.nasa.gov,70409
hepatitis.va.gov,70409
pppl.gov,70409
il.usembassy.gov,69675
usaspending.gov,68942
csrc.nist.gov,68208
findit.ed.gov,68208
gsaxcess.gov,68208
jobs.cdc.gov,67475
rrb.gov,67475
eg.usembassy.gov,66742
findhivcare.hrsa.gov,66742
pe.usembassy.gov,66742
archive.opm.gov,66008
pmm.nasa.gov,66008
volcanoes.usgs.gov,66008
effectivehealthcare.ahrq.gov,65275
fra.dot.gov,65275
gibill.custhelp.com,65275
eitc.irs.gov,64541
helpwithmybank.gov,64541
infosida.nih.gov,64541
faa.usajobs.gov,63808
trade.gov,63808
it.usembassy.gov,63074
mars.jpl.nasa.gov,63074
www1.va.gov,63074
emergency.cdc.gov,62341
gettested.cdc.gov,62341
sanctuaries.noaa.gov,62341
bia.gov,61608
iaspub.epa.gov,61608
search.dhs.gov,61608
usmarshals.gov,61608
business.usa.gov,60874
search.nih.gov,60874
informeddelivery.usps.com,60141
kr.usembassy.gov,60141
letsmove.gov,60141
au.usembassy.gov,59407
blogs.cdc.gov,59407
moneyfactory.gov,59407
betobaccofree.hhs.gov,58674
intra.usbr.gov,58674
missionscience.nasa.gov,58674
reginfo.gov,58674
g5.gov,57941
preview.weather.gov,57941
blog.dol.gov,56474
nvsearch.nv.gov,56474
dbcalc.usps.com,55740
ics-cert.us-cert.gov,55740
svs.gsfc.nasa.gov,55007
hab.hrsa.gov,54273
nhsc.hrsa.gov,54273
cl.usembassy.gov,53540
organdonor.gov,53540
americanenglish.state.gov,52807
cms.fmcsa.dot.gov,52807
eca.state.gov,52807
fitness.gov,52807
nwis.waterdata.usgs.gov,52807
zh.usps.com,52807
abmc.gov,52073
educationusa.state.gov,52073
blogs.usda.gov,51340
pl.usembassy.gov,50606
coast.noaa.gov,49873
sites.ed.gov,49873
bphc.hrsa.gov,49139
ec.usembassy.gov,49139
cfda.gov,48406
dodig.mil,48406
everykidinapark.gov,48406
visibleearth.nasa.gov,48406
dhs.usajobs.gov,47673
efast.dol.gov,47673
epas.uspto.gov,46939
espanol.epa.gov,46939
rotorcraft.arc.nasa.gov,46939
crimesolutions.gov,46206
fsd.gov,46206
sa.usembassy.gov,46206
safeharbor.export.gov,45472
archive.epa.gov,44739
autoauctions.gsa.gov,44739
giss.nasa.gov,44739
google2.fda.gov,44739
za.usembassy.gov,44739
certify.sba.gov,44005
era.nih.gov,44005
moveit.gsa.gov,44005
find.nist.gov,43272
ojjdp.gov,43272
sewp.nasa.gov,43272
bhw.hrsa.gov,42539
eac.gov,42539
search.navy.mil,42539
jwst.nasa.gov,41805
mymoney.gov,41805
scijinks.jpl.nasa.gov,41805
vehiclehistory.gov,41805
csa.fmcsa.dot.gov,41072
ojp.gov,41072
report.nih.gov,41072
surgeongeneral.gov,41072
ug.usembassy.gov,41072
cnpp.usda.gov,40338
docsteach.org,40338
hru.gov,40338
mobile.arc.nasa.gov,40338
nas.er.usgs.gov,40338
occ.treas.gov,40338
sdo.gsfc.nasa.gov,40338
centralwesternmass.va.gov,39605
cesdata.bls.gov,39605
jo.usembassy.gov,39605
minerals.usgs.gov,39605
blogs.nasa.gov,38871
in.gov,38871
nist.time.gov,38871
waterwatch.usgs.gov,38871
consumer.gov,38138
bhs.econ.census.gov,37405
blog.epa.gov,37405
go4life.nia.nih.gov,37405
japanese.japan.usembassy.gov,37405
pbm.va.gov,37405
armycivilianservice.usajobs.gov,36671
earthdata.nasa.gov,36671
idcf.bls.gov,36671
search.consumerfinance.gov,36671
boston.va.gov,35938
cfm.va.gov,35938
distraction.gov,35938
srdata.nist.gov,35938
tf.nist.gov,35938
search.gsa.gov,35204
selectusa.gov,35204
standards.usa.gov,35204
apps.fas.usda.gov,34471
fedcenter.gov,34471
frtr.gov,34471
netl.doe.gov,34471
nibib.nih.gov,34471
nvd.nist.gov,34471
pages.nist.gov,34471
archive.defense.gov,33738
ca.water.usgs.gov,33738
data.giss.nasa.gov,33738
ie.usembassy.gov,33738
internal.usgs.gov,33738
itcd.hq.nasa.gov,33738
lasvegas.va.gov,33738
nationalgangcenter.gov,33738
ospo.noaa.gov,33738
russian.moscow.usembassy.gov,33738
urs.earthdata.nasa.gov,33738
ccr.cancer.gov,33004
foreignlaborcert.doleta.gov,33004
pubag.nal.usda.gov,33004
search.doh.wa.gov,33004
competition.usmint.gov,32271
comptroller.defense.gov,32271
fai.gov,32271
insurekidsnow.gov,32271
ssaiatlanta.usajobs.gov,32271
volunteer.gov,32271
foia.gov,31537
math.nist.gov,31537
stlouis.va.gov,31537
by.usembassy.gov,30804
carbonfootprint.gsa.gov,30804
dodcio.defense.gov,30804
rma.usda.gov,30804
save.uscis.gov,30804
savingsbonds.gov,30804
dsbs.sba.gov,30070
hn.usembassy.gov,30070
labornet.dol.gov,30070
landsat.gsfc.nasa.gov,30070
marsmobile.jpl.nasa.gov,30070
moneyfactorystore.gov,30070
ro.usembassy.gov,30070
accessgudid.nlm.nih.gov,29337
alumni.state.gov,29337
irma.nps.gov,29337
lance.modaps.eosdis.nasa.gov,29337
maps.ngdc.noaa.gov,29337
np.usembassy.gov,29337
smartpay.gsa.gov,29337
www2.census.gov,29337
govsales.gov,28604
hoover.archives.gov,28604
research.archives.gov,28604
transtats.bts.gov,28604
uy.usembassy.gov,28604
women.smokefree.gov,28604
build.export.gov,27870
cs.amedd.army.mil,27870
datawarehouse.hrsa.gov,27870
dlmf.nist.gov,27870
eclipse2017.nasa.gov,27870
hcup-us.ahrq.gov,27870
nicic.gov,27870
research.va.gov,27870
search.treasury.gov,27870
search.uscourts.gov,27870
xk.usembassy.gov,27870
centraltexas.va.gov,27137
challenge.gov,27137
consumidor.gov,27137
drivethru.gsa.gov,27137
elibraryusa.state.gov,27137
govloans.gov,27137
heasarc.gsfc.nasa.gov,27137
ke.usembassy.gov,27137
marketplace.fedramp.gov,27137
mm.usembassy.gov,27137
wdr.doleta.gov,27137
zh-tools.usps.com,27137
cccbdb.nist.gov,26403
diplomacy.state.gov,26403
fvap.gov,26403
nl.usembassy.gov,26403
search.pbgc.gov,26403
baypines.va.gov,25670
eclipse.gsfc.nasa.gov,25670
fic.nih.gov,25670
fisheries.noaa.gov,25670
ng.usembassy.gov,25670
wcms.epa.gov,25670
bd.usembassy.gov,24936
blm.usajobs.gov,24936
lewis-mcchord.army.mil,24936
mobile.va.gov,24936
ovcttac.gov,24936
richmond.va.gov,24936
science.nature.nps.gov,24936
search.defense.gov,24936
sohowww.nascom.nasa.gov,24936
swfsc.noaa.gov,24936
www2a.cdc.gov,24936
caribbean-florida.water.usgs.gov,24203
cops.usdoj.gov,24203
durham.va.gov,24203
houston.va.gov,24203
lk.usembassy.gov,24203
mentalhealth.va.gov,24203
milwaukee.va.gov,24203
mrdata.usgs.gov,24203
nssdc.gsfc.nasa.gov,24203
pmf.gov,24203
portland.va.gov,24203
rhce.amedd.army.mil,24203
treasuryhunt.gov,24203
whistleblowers.gov,24203
www2.cdc.gov,24203
assignment.uspto.gov,23470
cz.usembassy.gov,23470
drought.gov,23470
eyes.nasa.gov,23470
kh.usembassy.gov,23470
mcc.gov,23470
paloalto.va.gov,23470
science.gsfc.nasa.gov,23470
search.invasivespeciesinfo.gov,23470
search.kingcounty.gov,23470
tt.usembassy.gov,23470
youthrules.gov,23470
alaskacenters.gov,22736
blog.usaid.gov,22736
digitalgov.gov,22736
disc.sci.gsfc.nasa.gov,22736
espanol.foodsafety.gov,22736
ga.water.usgs.gov,22736
id.usembassy.gov,22736
intra.mp.usbr.gov,22736
nhtsa.prod.prev.nhtsa.gov,22736
phoenix.va.gov,22736
presidentialtransition.usa.gov,22736
se.usembassy.gov,22736
section508.gov,22736
spc.ncep.noaa.gov,22736
usahire.opm.gov,22736
cumulis.epa.gov,22003
fedidcard.gov,22003
floridakeys.noaa.gov,22003
geonames.usgs.gov,22003
interact.gsa.gov,22003
jru.usconsulate.gov,22003
map.gsfc.nasa.gov,22003
mountainhome.va.gov,22003
northtexas.va.gov,22003
sservi.nasa.gov,22003
yosemite.epa.gov,22003
ci.usembassy.gov,21269
minneapolis.va.gov,21269
noaanews.noaa.gov,21269
philadelphia.va.gov,21269
sep.va.gov,21269
telework.gov,21269
vote.gov,21269
wcatwc.arh.noaa.gov,21269
beta.foreignassistance.gov,20536
blogs.census.gov,20536
geomaps.wr.usgs.gov,20536
losangeles.va.gov,20536
northflorida.va.gov,20536
nz.usembassy.gov,20536
or.water.usgs.gov,20536
search.dea.gov,20536
tampa.va.gov,20536
tsapps-t.nist.gov,20536
www-s.nist.gov,20536
ma.usembassy.gov,19802
portalx.cbs.nist.gov,19802
search.bea.gov,19802
stats.bls.gov,19802
washingtondc.va.gov,19802
echo.epa.gov,19069
ecos.fws.gov,19069
fema.usajobs.gov,19069
georgewbushlibrary.smu.edu,19069
globalchange.gov,19069
longbeach.va.gov,19069
navfac.usajobs.gov,19069
wc3-www.identitytheft.gov,19069
buyusa.gov,18336
caregiver.va.gov,18336
eda.gov,18336
gsafsd.service-now.com,18336
history.amedd.army.mil,18336
home.nps.gov,18336
jm.usembassy.gov,18336
miami.va.gov,18336
nefsc.noaa.gov,18336
nixonlibrary.gov,18336
ocio.usda.gov,18336
reaganlibrary.archives.gov,18336
agency.ecpic.gov,17602
namus.gov,17602
natice.noaa.gov,17602
nspires.nasaprs.com,17602
oig.justice.gov,17602
toxtown.nlm.nih.gov,17602
westcoast.fisheries.noaa.gov,17602
www2c.cdc.gov,17602
afsc.noaa.gov,16869
beaconregistration.noaa.gov,16869
cat-tools.usps.com,16869
chesapeakebay.noaa.gov,16869
cleveland.va.gov,16869
dcoe.mil,16869
epic.gsfc.nasa.gov,16869
es.sba.gov,16869
fedramp.gov,16869
fpc.state.gov,16869
indianapolis.va.gov,16869
kz.usembassy.gov,16869
meps.ahrq.gov,16869
ndu.edu,16869
ngmdb.usgs.gov,16869
ntp.niehs.nih.gov,16869
oceantoday.noaa.gov,16869
orlando.va.gov,16869
stopfakes.gov,16869
toolkit.climate.gov,16869
veterantraining.va.gov,16869
zm.usembassy.gov,16869
agcensus.usda.gov,16135
at.usembassy.gov,16135
bja.gov,16135
chpl.healthit.gov,16135
cincinnati.va.gov,16135
denver.va.gov,16135
es-store.usps.com,16135
espanol.vaccines.gov,16135
feedthefuture.gov,16135
godefense.cpms.osd.mil,16135
greateratlantic.fisheries.noaa.gov,16135
hampton.va.gov,16135
jsc.nasa.gov,16135
landfire.cr.usgs.gov,16135
lomalinda.va.gov,16135
m.cameochemicals.noaa.gov,16135
pcmh.ahrq.gov,16135
publications.usa.gov,16135
search.copyright.gov,16135
search.tpwd.texas.gov,16135
valor.defense.gov,16135
ciencia.nasa.gov,15402
dvbic.dcoe.mil,15402
education.usgs.gov,15402
gcmd.nasa.gov,15402
hudoig.gov,15402
kansascity.va.gov,15402
m.waterdata.usgs.gov,15402
nwfsc.noaa.gov,15402
peacecorps.usajobs.gov,15402
pepfar.gov,15402
pittsburgh.va.gov,15402
pugetsound.va.gov,15402
search.ada.gov,15402
usda.usajobs.gov,15402
vehiclestd.fas.gsa.gov,15402
volunteer.va.gov,15402
wicworks.fns.usda.gov,15402
18f.gsa.gov,14668
bts.gov,14668
gis.ncdc.noaa.gov,14668
healthit.ahrq.gov,14668
icsw.nhtsa.gov,14668
idcfoes.bls.gov,14668
lovell.fhcc.va.gov,14668
minorityhealth.hhs.gov,14668
modernmoney.treasury.gov,14668
modis.gsfc.nasa.gov,14668
ntwc.arh.noaa.gov,14668
oceancolor.gsfc.nasa.gov,14668
pmel.noaa.gov,14668
prosthetics.va.gov,14668
safetydata.fra.dot.gov,14668
salisbury.va.gov,14668
state.usajobs.gov,14668
training.smartpay.gsa.gov,14668
viewer.nationalmap.gov,14668
volpe.dot.gov,14668
web.sba.gov,14668
blog.aids.gov,13935
ch.usembassy.gov,13935
chicago.va.gov,13935
dawn.jpl.nasa.gov,13935
dod.usajobs.gov,13935
fsrs.gov,13935
healthymeals.fns.usda.gov,13935
hines.va.gov,13935
jobsearch.usajobs.gov,13935
lightningsafety.noaa.gov,13935
littlerock.va.gov,13935
mchb.hrsa.gov,13935
nas.nasa.gov,13935
nightsky.jpl.nasa.gov,13935
oedci.uspto.gov,13935
profiles.nlm.nih.gov,13935
sandiego.va.gov,13935
annarbor.va.gov,13202
charleston.va.gov,13202
eisenhower.archives.gov,13202
flra.gov,13202
geneed.nlm.nih.gov,13202
indianaffairs.gov,13202
ncsesdata.nsf.gov,13202
nwrfc.noaa.gov,13202
qualityindicators.ahrq.gov,13202
reverseauctions.gsa.gov,13202
st.nmfs.noaa.gov,13202
stopfraud.gov,13202
toxics.usgs.gov,13202
vaforvets.va.gov,13202
wfm.noaa.gov,13202
astronauts.nasa.gov,12468
be.usembassy.gov,12468
beta.bls.gov,12468
cpars.gov,12468
dataqs.fmcsa.dot.gov,12468
ginniemae.gov,12468
groundwaterwatch.usgs.gov,12468
images.nasa.gov,12468
lrgseddn3.cr.usgs.gov,12468
mrlc.gov,12468
my.usembassy.gov,12468
nasa3d.arc.nasa.gov,12468
omao.noaa.gov,12468
ovc.gov,12468
sanfrancisco.va.gov,12468
search.ers.usda.gov,12468
soundwaves.usgs.gov,12468
uscis.usajobs.gov,12468
westpalmbeach.va.gov,12468
archive.msha.dir.labor.gov,11735
asean.usmission.gov,11735
birmingham.va.gov,11735
co-ops.nos.noaa.gov,11735
dj.usembassy.gov,11735
eros.usgs.gov,11735
hawaiihumpbackwhale.noaa.gov,11735
landsat.usgs.gov,11735
mirecc.va.gov,11735
montereybay.noaa.gov,11735
ndupress.ndu.edu,11735
nssc.nasa.gov,11735
oklahoma.va.gov,11735
performance.gov,11735
polytrauma.va.gov,11735
qa.usembassy.gov,11735
robotics.nasa.gov,11735
spaceflight.nasa.gov,11735
stopmedicarefraud.gov,11735
teen.smokefree.gov,11735
treasury-occi.usajobs.gov,11735
uscirf.gov,11735
uz.usembassy.gov,11735
amis.cdfifund.gov,11001
centralalabama.va.gov,11001
cpsc.gov,11001
econsumer.gov,11001
energy.sandia.gov,11001
fargo.va.gov,11001
fayettevillear.va.gov,11001
glakesonline.nos.noaa.gov,11001
jimmycarterlibrary.gov,11001
ladsweb.nascom.nasa.gov,11001
maryland.va.gov,11001
nationsreportcard.gov,11001
northerncalifornia.va.gov,11001
nyharbor.va.gov,11001
osmre.gov,11001
ozonewatch.gsfc.nasa.gov,11001
plainlanguage.gov,11001
ppirs.gov,11001
snaped.fns.usda.gov,11001
swift.gsfc.nasa.gov,11001
unicor.gov,11001
vetcenter.va.gov,11001
whiteriver.va.gov,11001
bs.usembassy.gov,10268
cio.gov,10268
collegecost.ed.gov,10268
constitutionday.cpms.osd.mil,10268
dataferrett.census.gov,10268
effectiveinterventions.cdc.gov,10268
floodsafety.noaa.gov,10268
jscfeatures.jsc.nasa.gov,10268
newjersey.va.gov,10268
noaa.gov,10268
oceandata.sci.gsfc.nasa.gov,10268
outreach.usda.gov,10268
phil.cdc.gov,10268
publicaccess.nih.gov,10268
search.aids.gov,10268
search.ttb.gov,10268
sigar.mil,10268
star.nesdis.noaa.gov,10268
stereo.gsfc.nasa.gov,10268
usmcservmart.gsa.gov,10268
vcf.gov,10268
zh-store.usps.com,10268
addiction.surgeongeneral.gov,9535
airforce.usajobs.gov,9535
asrs.arc.nasa.gov,9535
battlecreek.va.gov,9535
beckley.va.gov,9535
bva.va.gov,9535
columbiasc.va.gov,9535
coralreefwatch.noaa.gov,9535
data.mil,9535
dpcld.defense.gov,9535
eagnmncom117d.usps.com,9535
eagnmncom117f.usps.com,9535
faai.usajobs.gov,9535
fim.noaa.gov,9535
gdex.cr.usgs.gov,9535
goes.gsfc.nasa.gov,9535
landslides.usgs.gov,9535
login.uat.usajobs.gov,9535
maps.waterdata.usgs.gov,9535
move.va.gov,9535
northernindiana.va.gov,9535
open.nasa.gov,9535
pages.18f.gov,9535
presidentialinnovationfellows.gov,9535
reaganlibrary.gov,9535
sero.nmfs.noaa.gov,9535
software.nasa.gov,9535
southtexas.va.gov,9535
spinoff.nasa.gov,9535
ssaiheadquarters.usajobs.gov,9535
tennesseevalley.va.gov,9535
vsc.gsa.gov,9535
zw.usembassy.gov,9535
buffalo.va.gov,8801
clintonlibrary.gov,8801
cms.fta.dot.gov,8801
connecticut.va.gov,8801
crustal.usgs.gov,8801
ctcms.nist.gov,8801
dayton.va.gov,8801
dk.usembassy.gov,8801
doj.usajobs.gov,8801
eagnmncom1179.usps.com,8801
ecom-cat.usps.com,8801
es-redelivery.usps.com,8801
esrs.gov,8801
essearch.energystar.gov,8801
fayettevillenc.va.gov,8801
fj.usembassy.gov,8801
gsaglobalsupply.gsa.gov,8801
healthquality.va.gov,8801
la.usembassy.gov,8801
newfarmers.usda.gov,8801
prevention.va.gov,8801
psychologytraining.va.gov,8801
search.export.gov,8801
search.kansas.gov,8801
search.taxmap.ntis.gov,8801
solarscience.msfc.nasa.gov,8801
umesc.usgs.gov,8801
vetbiz.gov,8801
wrp.gov,8801
bronx.va.gov,8068
cdaweb.sci.gsfc.nasa.gov,8068
celebrating200years.noaa.gov,8068
coastalscience.noaa.gov,8068
collections.nlm.nih.gov,8068
ephtracking.cdc.gov,8068
epss.ahrq.gov,8068
es-reg.usps.com,8068
ethiopia.usembassy.gov,8068
ghana.usembassy.gov,8068
goes-r.gov,8068
habitat.noaa.gov,8068
innovation.ed.gov,8068
insurance.va.gov,8068
is.usembassy.gov,8068
itdashboard.gov,8068
joltsdata.bls.gov,8068
lexington.va.gov,8068
lfextractb.cr.usgs.gov,8068
m.cdc.gov,8068
manati.star.nesdis.noaa.gov,8068
nnvl.noaa.gov,8068
ny.water.usgs.gov,8068
oefoif.va.gov,8068
ofmpub.epa.gov,8068
realmail.usps.com,8068
saginaw.va.gov,8068
sealevel.nasa.gov,8068
search.commerce.gov,8068
search.epa.gov,8068
stormready.noaa.gov,8068
syracuse.va.gov,8068
technology.nasa.gov,8068
tools.niehs.nih.gov,8068
topeka.va.gov,8068
tsunami.csc.noaa.gov,8068
usatrade.census.gov,8068
visn2.va.gov,8068
acquisitionacademy.va.gov,7334
asd.gsfc.nasa.gov,7334
biloxi.va.gov,7334
blogs.fda.gov,7334
bulkorder.ftc.gov,7334
coastal.er.usgs.gov,7334
coris.noaa.gov,7334
corpscpc.noaa.gov,7334
cosmictimes.gsfc.nasa.gov,7334
deepspace.jpl.nasa.gov,7334
don.usajobs.gov,7334
eweb.sba.gov,7334
geohazards.usgs.gov,7334
i3community.ed.gov,7334
iad.gov,7334
iowacity.va.gov,7334
ir.usembassy.gov,7334
it.ojp.gov,7334
landsatlook.usgs.gov,7334
lta.cr.usgs.gov,7334
marinedebris.noaa.gov,7334
memphis.va.gov,7334
nasapeople.nasa.gov,7334
neworleans.va.gov,7334
oig.state.gov,7334
pmm.pps.eosdis.nasa.gov,7334
prhome.defense.gov,7334
science1.nasa.gov,7334
search.usmarshals.gov,7334
store.usgs.gov,7334
tmog.uspto.gov,7334
tucson.va.gov,7334
video.state.gov,7334
wilkes-barre.va.gov,7334
womenshealth.va.gov,7334
wwwtest.ngdc.noaa.gov,7334
above.nasa.gov,6601
acetool.commerce.gov,6601
albany.va.gov,6601
apps.export.gov,6601
armydentalcorps.amedd.army.mil,6601
bep.gov,6601
careers.occ.gov,6601
cheyenne.va.gov,6601
childstats.gov,6601
clarksburg.va.gov,6601
columbus.va.gov,6601
datamapper.geo.census.gov,6601
dev.wrh.noaa.gov,6601
donate.peacecorps.gov,6601
dot.usajobs.gov,6601
eagnmncom1c2e.usps.com,6601
fedstats.sites.usa.gov,6601
fedview.opm.gov,6601
fosterscholars.noaa.gov,6601
gapanalysis.usgs.gov,6601
geodesy.noaa.gov,6601
gipsa.usda.gov,6601
guidelines.usability.gov,6601
hero.epa.gov,6601
history.msfc.nasa.gov,6601
hsrd.research.va.gov,6601
https.cio.gov,6601
hud.usajobs.gov,6601
ironmountain.va.gov,6601
jp.edit.usembassy.gov,6601
louisville.va.gov,6601
lpdaac.usgs.gov,6601
lv.usembassy.gov,6601
marsprogram.jpl.nasa.gov,6601
martinsburg.va.gov,6601
metallurgy.nist.gov,6601
mr.usembassy.gov,6601
nccoe.nist.gov,6601
ncei.noaa.gov,6601
neo.sci.gsfc.nasa.gov,6601
nhd.usgs.gov,6601
people.mil,6601
pifsc.noaa.gov,6601
policy.defense.gov,6601
pro-net.sba.gov,6601
salem.va.gov,6601
sapr.mil,6601
sarsat.noaa.gov,6601
search.noaa.gov,6601
search.www.uscg.mil,6601
spanish.caracas.usembassy.gov,6601
ssa.usajobs.gov,6601
ssq.gsa.gov,6601
sti.nasa.gov,6601
streamstatsags.cr.usgs.gov,6601
taaps.gov,6601
ti.arc.nasa.gov,6601
tj.usembassy.gov,6601
treasury.usajobs.gov,6601
w2.weather.gov,6601
www-nrd.nhtsa.dot.gov,6601
www7.ncdc.noaa.gov,6601
alaska.jobcorps.gov,5867
arset.gsfc.nasa.gov,5867
bedford.va.gov,5867
beta.fec.gov,5867
bm.usconsulate.gov,5867
boise.va.gov,5867
chillicothe.va.gov,5867
cmsi.usajobs.gov,5867
data.nasa.gov,5867
dbb.defense.gov,5867
dodhrinfo.cpms.osd.mil,5867
eagnmncom117c.usps.com,5867
epa.usajobs.gov,5867
ge.usembassy.gov,5867
giovanni.gsfc.nasa.gov,5867
help.waterdata.usgs.gov,5867
ita.doc.gov,5867
marstrek.jpl.nasa.gov,5867
nccwsc.usgs.gov,5867
nef.nasa.gov,5867
nro.gov,5867
oit.va.gov,5867
opm.usajobs.gov,5867
pint.ebenefits.va.gov,5867
pmi.gov,5867
project-open-data.cio.gov,5867
pubs.giss.nasa.gov,5867
realestatesales.gov,5867
rw.usembassy.gov,5867
scap.nist.gov,5867
science.wff.nasa.gov,5867
scienceandtechnology.jpl.nasa.gov,5867
sec.usajobs.gov,5867
skyview.gsfc.nasa.gov,5867
spanish.bogota.usembassy.gov,5867
ssaiphiladelphia.usajobs.gov,5867
test.usajobs.gov,5867
tomah.va.gov,5867
tools.cdc.gov,5867
tuscaloosa.va.gov,5867
ut.water.usgs.gov,5867
veterans.gov,5867
vip.vetbiz.gov,5867
wright.nasa.gov,5867
www-air.larc.nasa.gov,5867
abudhabi.usembassy.gov,5134
afterdeployment.dcoe.mil,5134
arc.publicdebt.treas.gov,5134
asheville.va.gov,5134
bloodcell.transplant.hrsa.gov,5134
cd.usembassy.gov,5134
censtats.census.gov,5134
cfmedicine.nlm.nih.gov,5134
cleancities.energy.gov,5134
cnss.gov,5134
code.gov,5134
cryogenics.nist.gov,5134
datascience.nih.gov,5134
diversity.va.gov,5134
donotpay.treas.gov,5134
dotgov.gov,5134
dsfa.nmfs.noaa.gov,5134
eagnmncom062a.usps.com,5134
eagnmncom117a.usps.com,5134
eagnmncom122c.usps.com,5134
eagnmncom1c2b.usps.com,5134
eagnmncom1c2c.usps.com,5134
eagnmnmepd60.usps.gov,5134
energy.usgs.gov,5134
espanol.stopbullying.gov,5134
financialresearch.gov,5134
fresno.va.gov,5134
hallways.cap.gsa.gov,5134
hcupnet.ahrq.gov,5134
hhs.usajobs.gov,5134
idmanagement.gov,5134
its.dot.gov,5134
j1visawaiverstatus.state.gov,5134
jfsc.ndu.edu,5134
lebanon.va.gov,5134
lis.gsfc.nasa.gov,5134
login.test.usajobs.gov,5134
m.stopfraud.gov,5134
madison.va.gov,5134
marion.va.gov,5134
md.usembassy.gov,5134
moon.nasa.gov,5134
mrmc.amedd.army.mil,5134
mt.usembassy.gov,5134
nebraska.va.gov,5134
noaasis.noaa.gov,5134
northport.va.gov,5134
nsi.ncirc.gov,5134
ntis.gov,5134
nwbc.gov,5134
oalj.dol.gov,5134
portale.eoir.justice.gov,5134
prdp2fs.ess.usda.gov,5134
prodpx-promotool.usps.com,5134
pueblo.gpo.gov,5134
pumas.jpl.nasa.gov,5134
saltlakecity.va.gov,5134
sealevel.jpl.nasa.gov,5134
search.trade.gov,5134
search.vets.gov,5134
service.ncddc.noaa.gov,5134
sk.edit.usembassy.gov,5134
smap.jpl.nasa.gov,5134
smart.gov,5134
socialwork.va.gov,5134
ssdev.cr.usgs.gov,5134
stcloud.va.gov,5134
t2health.dcoe.mil,5134
tahoe.usgs.gov,5134
tech.ed.gov,5134
ukrainian.ukraine.usembassy.gov,5134
usdaadvantage.gsa.gov,5134
ushik.ahrq.gov,5134
airconsumer.dot.gov,4401
appel.nasa.gov,4401
armedforcessports.defense.gov,4401
atmcorr.gsfc.nasa.gov,4401
bep.treas.gov,4401
bf.usembassy.gov,4401
cmls.gsa.gov,4401
community.nicic.gov,4401
dataintheclassroom.noaa.gov,4401
detroit.va.gov,4401
developer.epa.gov,4401
developer.uspto.gov,4401
dnfsb.gov,4401
eagnmncom117e.usps.com,4401
eagnmncom120d.usps.com,4401
eagnmncom1210.usps.com,4401
eagnmncom1228.usps.com,4401
eagnmntwe16ad.usps.com,4401
ed.ecpic.gov,4401
elvprogram.ndc.nasa.gov,4401
erie.va.gov,4401
ethics.usda.gov,4401
fbi.usajobs.gov,4401
fits.gsfc.nasa.gov,4401
fleta.gov,4401
flowergarden.noaa.gov,4401
gary.jobcorps.gov,4401
globalreach.blogs.census.gov,4401
gpsn.uspto.gov,4401
haiti.usembassy.gov,4401
hartford.jobcorps.gov,4401
jackson.va.gov,4401
japan.usembassy.gov,4401
landcover.usgs.gov,4401
lib.noaa.gov,4401
ma.water.usgs.gov,4401
manchester.va.gov,4401
mysales.fas.gsa.gov,4401
nasai.usajobs.gov,4401
nbib.opm.gov,4401
nigeria.usembassy.gov,4401
ntl.bts.gov,4401
ocfo.usda.gov,4401
owi.usgs.gov,4401
poolsafely.gov,4401
portugues.cdc.gov,4401
publicdebt.treas.gov,4401
rehab.research.va.gov,4401
rosetta.jpl.nasa.gov,4401
ruralhealth.va.gov,4401
search.census.gov,4401
search.scdhec.gov,4401
search.usmint.gov,4401
sites.wff.nasa.gov,4401
soho.nascom.nasa.gov,4401
spanish.santodomingo.usembassy.gov,4401
starport.jsc.nasa.gov,4401
tess.gsfc.nasa.gov,4401
thedataweb.rm.census.gov,4401
wilmington.va.gov,4401
wolfcreek.jobcorps.gov,4401
alaska.va.gov,3667
alaskafisheries.noaa.gov,3667
albuquerque.va.gov,3667
alexandria.va.gov,3667
americansamoa.noaa.gov,3667
aquarium.nefsc.noaa.gov,3667
badgeofbravery.ncjrs.gov,3667
bh.usembassy.gov,3667
blmca.sites.usa.gov,3667
canandaigua.va.gov,3667
caribbean.va.gov,3667
cascom.army.mil,3667
cfo.gov,3667
chemdata.nist.gov,3667
cit.nih.gov,3667
clearfield.jobcorps.gov,3667
computersforlearning.gov,3667
concessions.nps.gov,3667
corporateservices.noaa.gov,3667
ctip.defense.gov,3667
data.nodc.noaa.gov,3667
dieteticinternship.va.gov,3667
disposal.gsa.gov,3667
dubai.usconsulate.gov,3667
dublin.va.gov,3667
eagnmncom0628.usps.com,3667
eagnmncom06a7.usps.com,3667
eagnmncom115f.usps.com,3667
eagnmncom1197.usps.com,3667
eagnmncom122e.usps.com,3667
eagnmncom1a0d.usps.com,3667
eagnmncom1a17.usps.com,3667
eagnmncom1a18.usps.com,3667
eagnmncom1a19.usps.com,3667
eagnmncom1bf9.usps.com,3667
eagnmncom1bfa.usps.com,3667
eagnmncom1c2d.usps.com,3667
eagnmnmepd4c.usps.gov,3667
eagnmnmepd4d.usps.gov,3667
edg.epa.gov,3667
ethics.va.gov,3667
fsc.va.gov,3667
geology.usgs.gov,3667
grandjunction.va.gov,3667
gsa.usajobs.gov,3667
humansystems.arc.nasa.gov,3667
inside.fsis.usda.gov,3667
iris.ncep.noaa.gov,3667
its.bldrdoc.gov,3667
jsc.defense.gov,3667
kabul.usembassy.gov,3667
lambda.gsfc.nasa.gov,3667
landsat.visibleearth.nasa.gov,3667
larc-exchange.larc.nasa.gov,3667
m.va.gov,3667
maine.va.gov,3667
manufacturing.gov,3667
montana.va.gov,3667
mshasearch.msha.gov,3667
my.uspto.gov,3667
navair.usajobs.gov,3667
ncnr.nist.gov,3667
niem.gov,3667
ocrdata.ed.gov,3667
oea.gov,3667
ogis.archives.gov,3667
oig.dol.gov,3667
overseasbuildings.state.gov,3667
papahanaumokuakea.gov,3667
pdhealth.mil,3667
poisonhelp.hrsa.gov,3667
professionalstandards.fns.usda.gov,3667
providence.va.gov,3667
rapidrefresh.noaa.gov,3667
registration.jpl.nasa.gov,3667
roseburg.va.gov,3667
samtcatwe154.usps.com,3667
samtcatwe15a.usps.com,3667
savingsbond.gov,3667
search.hhs.gov,3667
search.nij.gov,3667
search.us-cert.gov,3667
search.usgs.gov,3667
section508.va.gov,3667
sftool.gov,3667
si.ksc.nasa.gov,3667
sigtarp.gov,3667
siouxfalls.va.gov,3667
southernoregon.va.gov,3667
spanish.sansalvador.usembassy.gov,3667
ss.usembassy.gov,3667
ssaidallas.usajobs.gov,3667
support.nlm.nih.gov,3667
tcc.export.gov,3667
texasvalley.va.gov,3667
tigerweb.geo.census.gov,3667
treasuryauctions.gov,3667
trimeweb.epa.gov,3667
vaccines.mil,3667
vcss.ocfo.gsa.gov,3667
visn12.va.gov,3667
visn4.va.gov,3667
w3auth.nist.gov,3667
wallawalla.va.gov,3667
wfrc.usgs.gov,3667
wwwbrr.cr.usgs.gov,3667
yaounde.usembassy.gov,3667
72a.gsa.gov,2934
actuary.defense.gov,2934
adr.gov,2934
airs.jpl.nasa.gov,2934
analytics.usa.gov,2934
aoc.usajobs.gov,2934
api.nasa.gov,2934
basemap.nationalmap.gov,2934
bath.va.gov,2934
beta.ngs.noaa.gov,2934
blogs.bls.gov,2934
blsconfidentialitytraining.bls.gov,2934
collbran.jobcorps.gov,2934
columbiamo.va.gov,2934
coralreef.noaa.gov,2934
danville.va.gov,2934
eagnmncom1158.usps.com,2934
eagnmncom115d.usps.com,2934
eagnmncom115e.usps.com,2934
eagnmncom1229.usps.com,2934
eagnmncom1a0f.usps.com,2934
eagnmncom1c2f.usps.com,2934
eagnmnmepd49.usps.gov,2934
eagnmnmepd4a.usps.gov,2934
eagnmnmepd5f.usps.gov,2934
eddmr-dev.usps.com,2934
eddmr-sit.usps.com,2934
employeeorientation.nasa.gov,2934
etas.uspto.gov,2934
fermi.gsfc.nasa.gov,2934
fordlibrarymuseum.gov,2934
frc-grants.arc.nasa.gov,2934
french.algeria.usembassy.gov,2934
gams.nist.gov,2934
gcmd.gsfc.nasa.gov,2934
geomag.usgs.gov,2934
ghgdata.epa.gov,2934
gopost.usps.com,2934
grace.jpl.nasa.gov,2934
gulfspillrestoration.noaa.gov,2934
hads.ncep.noaa.gov,2934
human-factors.arc.nasa.gov,2934
ibwc.state.gov,2934
icollege.ndu.edu,2934
ida.water.usgs.gov,2934
ilrs.cddis.eosdis.nasa.gov,2934
incidenthistory.noaa.gov,2934
inss.ndu.edu,2934
intranet.epa.gov,2934
iono.jpl.nasa.gov,2934
ioos.noaa.gov,2934
j1visawaiverrecommendation.state.gov,2934
jnlwp.defense.gov,2934
lep.gov,2934
listserv.opm.gov,2934
llis.nasa.gov,2934
lr.usembassy.gov,2934
lunar.gsfc.nasa.gov,2934
m.gsa.gov,2934
madis.noaa.gov,2934
medicalservicecorps.amedd.army.mil,2934
medlinet.amedd.army.mil,2934
military.consumer.gov,2934
modis-land.gsfc.nasa.gov,2934
nato.usmission.gov,2934
ncirc.gov,2934
ne.usembassy.gov,2934
nhqrnet.ahrq.gov,2934
nlquery.epa.gov,2934
northtexas.jobcorps.gov,2934
npssearch.nps.gov,2934
oprm.va.gov,2934
osce.usmission.gov,2934
parkinsons.va.gov,2934
patientcare.va.gov,2934
patientsafety.va.gov,2934
pfs.usps.com,2934
phytochem.nal.usda.gov,2934
poplarbluff.va.gov,2934
prescott.va.gov,2934
rucsoundings.noaa.gov,2934
search.stopbullying.gov,2934
seaway.dot.gov,2934
shreveport.va.gov,2934
solarsystem.jpl.nasa.gov,2934
solc.gsfc.nasa.gov,2934
ssaisanfrancisco.usajobs.gov,2934
staging.disasterassistance.gov,2934
tanzania.usembassy.gov,2934
td.edit.usembassy.gov,2934
test.sam.gov,2934
uat.usajobs.gov,2934
unlocktalent.gov,2934
vdatum.noaa.gov,2934
webstandards.hhs.gov,2934
wi.water.usgs.gov,2934
wichita.va.gov,2934
wizard.gov,2934
worker.gov,2934
2010-2014.commerce.gov,2200
2014.spaceappschallenge.org,2200
afadvantage.gov,2200
aids.nlm.nih.gov,2200
akama.arc.nasa.gov,2200
am.staffingstress.opm.gov,2200
amarillo.va.gov,2200
apply.pif.gov,2200
augusta.va.gov,2200
bigspring.va.gov,2200
blackhills.va.gov,2200
bondpro.gov,2200
bts.dot.gov,2200
buoybay.noaa.gov,2200
butler.va.gov,2200
bw.usembassy.gov,2200
calc.gsa.gov,2200
caracas.usembassy.gov,2200
cbrfc.noaa.gov,2200
cco.ndu.edu,2200
cftt.nist.gov,2200
cg.usembassy.gov,2200
chinese.hongkong.usconsulate.gov,2200
cio.noaa.gov,2200
clinton.presidentiallibraries.us,2200
cms.doe.gov,2200
coatesville.va.gov,2200
datacenters.cio.gov,2200
dcmo.defense.gov,2200
directorsblog.blogs.census.gov,2200
disc.gsfc.nasa.gov,2200
dm.usda.gov,2200
docline.gov,2200
donaciondeorganos.gov,2200
ea.oit.va.gov,2200
eagnmncom062b.usps.com,2200
eagnmncom06a6.usps.com,2200
eagnmncom115a.usps.com,2200
eagnmncom1178.usps.com,2200
eagnmncom120e.usps.com,2200
eagnmncom120f.usps.com,2200
eagnmncom122b.usps.com,2200
eagnmncom1a0e.usps.com,2200
eagnmncom1bf8.usps.com,2200
eagnmncom1c2a.usps.com,2200
eagnmnmepd4b.usps.gov,2200
eagnmnmepd4e.usps.gov,2200
eagnmnmepd50.usps.gov,2200
eagnmnmepd61.usps.gov,2200
eagnmnmepd62.usps.gov,2200
eagnmntwe16b3.usps.com,2200
earlecclements.jobcorps.gov,2200
eddataexpress.ed.gov,2200
ehr.nbc.gov,2200
elpaso.va.gov,2200
espanol.mentalhealth.gov,2200
etads.nasa.gov,2200
eteas.uspto.gov,2200
eweb1.sba.gov,2200
faq.ssa.gov,2200
fcc.usajobs.gov,2200
fea.gov,2200
flinthills.jobcorps.gov,2200
flowsmapper.geo.census.gov,2200
fmvrs.fas.gsa.gov,2200
fr.edit.usembassy.gov,2200
fsaid.ed.gov,2200
fss.va.gov,2200
ga2.er.usgs.gov,2200
gc.noaa.gov,2200
gmao.gsfc.nasa.gov,2200
green.va.gov,2200
gsi.nist.gov,2200
hawaii.va.gov,2200
healthcare.nist.gov,2200
heartoftexas.va.gov,2200
helpwithmymortgagebank.gov,2200
herc.research.va.gov,2200
hongkong.usconsulate.gov,2200
hudsonvalley.va.gov,2200
huntington.va.gov,2200
ibcalc.usps.com,2200
idlastro.gsfc.nasa.gov,2200
indexcat.nlm.nih.gov,2200
insight.jpl.nasa.gov,2200
invention.nasa.gov,2200
iraq.usembassy.gov,2200
irs.usajobs.gov,2200
isccp.giss.nasa.gov,2200
isotopes.usgs.gov,2200
jointmission.gsfc.nasa.gov,2200
kittrell.jobcorps.gov,2200
landfire.gov,2200
leadership.opm.gov,2200
lima.usgs.gov,2200
lws-set.gsfc.nasa.gov,2200
marinecadastre.gov,2200
mchb.tvisdata.hrsa.gov,2200
meetings.nrc.gov,2200
mh.usembassy.gov,2200
mongolian.mongolia.usembassy.gov,2200
mysteries.jpl.nasa.gov,2200
nasaexchange.ksc.nasa.gov,2200
ne.water.usgs.gov,2200
nih.usajobs.gov,2200
nj.usgs.gov,2200
nm.water.usgs.gov,2200
nowcoast.noaa.gov,2200
npwrc.usgs.gov,2200
nwc.ndu.edu,2200
oaspub.epa.gov,2200
ocio.commerce.gov,2200
oedca.va.gov,2200
oiir.hq.nasa.gov,2200
open.defense.gov,2200
osbp.nasa.gov,2200
patriotbonds.gov,2200
pbrn.ahrq.gov,2200
playbook.cio.gov,2200
portmoresby.usembassy.gov,2200
postdocs.jpl.nasa.gov,2200
prod.nais.nasa.gov,2200
r4pipelinestg.epa.gov,2200
rehab.va.gov,2200
reno.va.gov,2200
results.usaid.gov,2200
rmgsc.cr.usgs.gov,2200
romania.usembassy.gov,2200
russian.ashgabat.usembassy.gov,2200
sa.www4.irs.gov,2200
search.sde.idaho.gov,2200
search.vaccines.gov,2200
sefsc.noaa.gov,2200
sheridan.va.gov,2200
singapore.usembassy.gov,2200
sis.nlm.nih.gov,2200
space-geodesy.nasa.gov,2200
spacescience.arc.nasa.gov,2200
spanish.guatemala.usembassy.gov,2200
spanish.madrid.usembassy.gov,2200
ssaikansascity.usajobs.gov,2200
ssaiseattle.usajobs.gov,2200
staging.waterdata.usgs.gov,2200
stellwagen.noaa.gov,2200
stereo-ssc.nascom.nasa.gov,2200
stereodata.nascom.nasa.gov,2200
studyabroad.state.gov,2200
t.cdc.gov,2200
tsunamiready.noaa.gov,2200
tx.usgs.gov,2200
usalearning.gov,2200
usamriid.army.mil,2200
ustda.gov,2200
vetopportunities.amedd.army.mil,2200
wcms-wp-test.cdc.gov,2200
wmap.gsfc.nasa.gov,2200
aeronet.gsfc.nasa.gov,1467
agclass.nal.usda.gov,1467
altoona.va.gov,1467
ameddmuseum.amedd.army.mil,1467
ameddregiment.amedd.army.mil,1467
angell.jobcorps.gov,1467
answers.ed.gov,1467
apps.bts.gov,1467
apps.gov,1467
arabic.tunisia.usembassy.gov,1467
armyhealthfacilities.amedd.army.mil,1467
arrs.ahrq.gov,1467
artcontest.larc.nasa.gov,1467
atf-eregs.18f.gov,1467
autochoice.fas.gsa.gov,1467
aviationsystemsdivision.arc.nasa.gov,1467
barbados.usembassy.gov,1467
benjaminlhooks.jobcorps.gov,1467
blackwell.jobcorps.gov,1467
blm.sites.usa.gov,1467
blogs.nrcs.usda.gov,1467
bulgarian.bulgaria.usembassy.gov,1467
bulkdata.uspto.gov,1467
c3.nasa.gov,1467
cap.18f.gov,1467
careers.noaa.gov,1467
ccmc.gsfc.nasa.gov,1467
cdaweb.gsfc.nasa.gov,1467
cddis.nasa.gov,1467
cearun.grc.nasa.gov,1467
centraliowa.va.gov,1467
cfreds.nist.gov,1467
cherp.research.va.gov,1467
chesapeake.usgs.gov,1467
cida.usgs.gov,1467
cjsl.ndu.edu,1467
classic.ntis.gov,1467
cleveland.jobcorps.gov,1467
cloud.gov,1467
cmgds.marine.usgs.gov,1467
cms.dot.gov,1467
cmsp.noaa.gov,1467
conakry.usembassy.gov,1467
dashboard.healthit.gov,1467
data.nal.usda.gov,1467
data.usgs.gov,1467
dea.usajobs.gov,1467
desertpacific.va.gov,1467
detroit.feb.gov,1467
dev-informeddelivery.usps.com,1467
dev.performance.gov,1467
dhc-europe.amedd.army.mil,1467
dhsadvantage.gsa.gov,1467
disasterlit.nlm.nih.gov,1467
dolcontentdev.opadev.dol.gov,1467
eagnmncom0629.usps.com,1467
eagnmncom115c.usps.com,1467
eagnmncom117b.usps.com,1467
eagnmncom122a.usps.com,1467
eagnmncom122d.usps.com,1467
eagnmncom1a10.usps.com,1467
eagnmncom1a16.usps.com,1467
eagnmncom1c28.usps.com,1467
eagnmncom1c29.usps.com,1467
eagnmnmepd4f.usps.gov,1467
eagnmntwe4e7.usps.com,1467
earlywarning.usgs.gov,1467
earthnow.usgs.gov,1467
edis.army.mil,1467
edit.doi.gov,1467
efmp.amedd.army.mil,1467
ehealth.va.gov,1467
eportal.epa.gov,1467
eportalstage.epa.gov,1467
es.ndu.edu,1467
esgf-node.jpl.nasa.gov,1467
fara.gov,1467
fcsm.sites.usa.gov,1467
feb.gov,1467
federalinvestments.gov,1467
federallabs.org,1467
fedshirevets.gov,1467
findtbresources.cdc.gov,1467
fishwatch.gov,1467
fl.water.usgs.gov,1467
flightopportunities.nasa.gov,1467
forms.irs.gov,1467
fort.usgs.gov,1467
fpir.noaa.gov,1467
freetown.usembassy.gov,1467
french.yaounde.usembassy.gov,1467
fsitraining.state.gov,1467
fukuoka.usconsulate.gov,1467
gcmrc.gov,1467
gec.cr.usgs.gov,1467
giovanni.sci.gsfc.nasa.gov,1467
glsc.usgs.gov,1467
gomex.erma.noaa.gov,1467
grafton.jobcorps.gov,1467
hamradio.arc.nasa.gov,1467
healthreach.nlm.nih.gov,1467
hec.nasa.gov,1467
hhsoig.gov,1467
home.vef.gov,1467
homelandsecurity.noaa.gov,1467
hostedsites.volpe.dot.gov,1467
hra.myhealth.va.gov,1467
i-nspires.nasaprs.com,1467
i3rc.gsfc.nasa.gov,1467
iapreview.ars.usda.gov,1467
icb.nasa.gov,1467
icesat4.gsfc.nasa.gov,1467
icite.od.nih.gov,1467
il.water.usgs.gov,1467
image.gsfc.nasa.gov,1467
informal.jpl.nasa.gov,1467
intransition.dcoe.mil,1467
iri.gsfc.nasa.gov,1467
itjobs.open.gsa.gov,1467
jobview.usajobs.gov,1467
kepler.nasa.gov,1467
keplerscience.arc.nasa.gov,1467
kinetics.nist.gov,1467
kscsma.ksc.nasa.gov,1467
kuwait.usembassy.gov,1467
labs.gsa.gov,1467
lca.usgs.gov,1467
lhcpub1.nlm.nih.gov,1467
lhncbc.nlm.nih.gov,1467
library.gsfc.nasa.gov,1467
lisa.nasa.gov,1467
map11.epa.gov,1467
mastercalendar.ncirc.gov,1467
md.edit.usembassy.gov,1467
md.water.usgs.gov,1467
mi.water.usgs.gov,1467
milwaukee.jobcorps.gov,1467
minerals.cr.usgs.gov,1467
ml.usembassy.gov,1467
mo.water.usgs.gov,1467
modelingguru.nasa.gov,1467
mydon.usajobs.gov,1467
na.usembassy.gov,1467
nagb.org,1467
nc.water.usgs.gov,1467
nccdb.fmcsa.dot.gov,1467
ncddc.noaa.gov,1467
nd.water.usgs.gov,1467
newhaven.jobcorps.gov,1467
nicaragua.usembassy.gov,1467
nitcnrcsbase-www.nrcs.usda.gov,1467
northlands.jobcorps.gov,1467
nutrition.va.gov,1467
nwrc.usgs.gov,1467
ogc.commerce.gov,1467
omg.jpl.nasa.gov,1467
omniweb.gsfc.nasa.gov,1467
open.gsa.gov,1467
opendap.co-ops.nos.noaa.gov,1467
opotxfind.hrsa.gov,1467
orbit.nesdis.noaa.gov,1467
origin.drupal.fns.usda.gov,1467
origin.glb.cdc.gov,1467
ovcncvrw.ncjrs.gov,1467
patentsgazette.uspto.gov,1467
pclob.gov,1467
permanent.access.gpo.gov,1467
permits.performance.gov,1467
phenology.cr.usgs.gov,1467
pic.gov,1467
pineridge.jobcorps.gov,1467
pivot.jobcorps.gov,1467
pr.water.usgs.gov,1467
praia.usembassy.gov,1467
preview.cancer.gov,1467
psob.gov,1467
ptabdataui.uspto.gov,1467
pubweb.epa.gov,1467
queri.research.va.gov,1467
rems.ed.gov,1467
researchmatters.blogs.census.gov,1467
retiree.nasa.gov,1467
ripcurrents.noaa.gov,1467
robodeidentidad.gov,1467
sacd.larc.nasa.gov,1467
sacramento.jobcorps.gov,1467
seafood.nmfs.noaa.gov,1467
seafoodinspection.nmfs.noaa.gov,1467
secure.in.gov,1467
services.nationalmap.gov,1467
shiptracker.noaa.gov,1467
sierranevada.jobcorps.gov,1467
sk.usembassy.gov,1467
slgs.gov,1467
sourcecode.cio.gov,1467
spanish.nicaragua.usembassy.gov,1467
spanish.paraguay.usembassy.gov,1467
spdf.gsfc.nasa.gov,1467
spokane.va.gov,1467
ssainewyork.usajobs.gov,1467
staging.gsa.gov,1467
sustainability.gov,1467
sustainablecommunities.gov,1467
swaziland.usembassy.gov,1467
sy.edit.usembassy.gov,1467
tadd.weather.gov,1467
technology.grc.nasa.gov,1467
thunderbay.noaa.gov,1467
tidesonline.nos.noaa.gov,1467
togo.usembassy.gov,1467
tonguepoint.jobcorps.gov,1467
topomaps.usgs.gov,1467
toxtutor.nlm.nih.gov,1467
travelregistration.state.gov,1467
treasureisland.jobcorps.gov,1467
uat.sam.gov,1467
usace.usajobs.gov,1467
usaisr.amedd.army.mil,1467
usgcb.nist.gov,1467
uspto.usajobs.gov,1467
ussm.gov,1467
va.usembassy.gov,1467
vahracademy.va.gov,1467
visn15.va.gov,1467
visn6.va.gov,1467
visn8.va.gov,1467
voyager.gsfc.nasa.gov,1467
water.noaa.gov,1467
watersgeo.epa.gov,1467
wcms-wp-appscan.cdc.gov,1467
webcms.appdev.epa.gov,1467
wilmington.jobcorps.gov,1467
wrcc.osmre.gov,1467
wrclib.noaa.gov,1467
zh-reg.usps.com,1467
